INSERT INTO pluvieux_color VALUES('rouge',20,'#ff0000','#000000','#FFFFFF');
INSERT INTO pluvieux_color VALUES('vert',20,'#00ff00','#000000','#FFFFFF');
INSERT INTO pluvieux_color VALUES('bleu',20,'#0000ff','#000000','#FFFFFF');
INSERT INTO pluvieux_color VALUES('Cyan',20,'#00FFFF','#000000','#FFFFFF');
INSERT INTO pluvieux_color VALUES('Jaune',20,'#FFFF00','#000000','#FFFFFF');
INSERT INTO pluvieux_color VALUES('Magenta',20,'#FF00FF','#000000','#FFFFFF');
INSERT INTO pluvieux_color VALUES('vert_contraste',6,'#FFFFFF','#00ff00','#FFFFFF');
INSERT INTO pluvieux_color VALUES('rouge_contraste',6,'#FFFFFF','#ff0000','#FFFFFF');
INSERT INTO pluvieux_color VALUES('bleu_contraste',6,'#FFFFFF','#0000ff','#FFFFFF');
INSERT INTO pluvieux_datasource VALUES('ERA5_TMP1M','Temperature du sol',250.0,320.0,1,0.299999999999999988,'ECMWF/ERA5_LAND/DAILY_AGGR','soil_temperature_level_1');
INSERT INTO pluvieux_datasource VALUES('NDVI_MODIS','Indice de vététation',-2000.0,10000.0,1,0.299999999999999988,'MODIS/061/MOD13A1','NDVI');
INSERT INTO pluvieux_datasource VALUES('ERA5_MAX_PRE','Cumul de pluies',0.0,0.00700000000000000014,1,0.299999999999999988,'ECMWF/ERA5_LAND/DAILY_AGGR','total_precipitation_max');
INSERT INTO pluvieux_layer VALUES('NDVI_contraste','Indice de végétation contrasté','vert_contraste','NDVI_MODIS');
INSERT INTO pluvieux_layer VALUES('NDVI_jaune','Indice de végétation jaune primaire','Jaune','NDVI_MODIS');
INSERT INTO pluvieux_layer VALUES('NDVI_vert','Indice de végétation vert','vert','NDVI_MODIS');
INSERT INTO pluvieux_layer VALUES('Precipitations_bleue','Précipitations en bleu','bleu','ERA5_MAX_PRE');
INSERT INTO pluvieux_layer VALUES('Precipitations_contraste','Précipitations en bleu contrasté','bleu_contraste','ERA5_MAX_PRE');
INSERT INTO pluvieux_layer VALUES('Precipitations_cyan','Précipitations en Cyan','Cyan','ERA5_MAX_PRE');
INSERT INTO pluvieux_layer VALUES('Temperature_contraste','Températures en rouge contrasté','rouge_contraste','ERA5_TMP1M');
INSERT INTO pluvieux_layer VALUES('Temperature_magenta','Températures en magenta','Magenta','ERA5_TMP1M');
INSERT INTO pluvieux_layer VALUES('Temperature_rouge','Températures en rouge','rouge','ERA5_TMP1M');
INSERT INTO pluvieux_pmap VALUES('map_stagiaires','Superpostion de l''indice de végétation avec les temperatures et la pluie en RGB','NDVI_vert','Precipitations_bleue','Temperature_rouge');
INSERT INTO pluvieux_pmap VALUES('contraste','Superpostion de l''indice de végétation avec les temperatures et la pluie en RGB contrasté','NDVI_contraste','Precipitations_contraste','Temperature_contraste');
INSERT INTO pluvieux_pmap VALUES('primaires','Superpostion de l''indice de végétation avec les temperatures et la pluie en couleurs primaires','Precipitations_cyan','NDVI_jaune','Temperature_magenta');
